MODEL,TTFT,T/s,USER TOKENS,NPC TOKENS,TOTAL TIME,ALL TOKENS,DIALOGUE TTFT,FORMAT OK,PROMPT,RESPONSE
Lythri 7B A4B,0.088,92.297,11,64,0.771,299,-1.000,0,Where can I find the nearest blacksmith in this town?,"['<', 'think', '>', '\n', 'The', ' player', ' is', ' asking', ' where', ' to', ' find', ' a', ' blacksmith', ' in', ' this', ' town', '.', ' As', ' Garr', 'ick', ',', ' I', ""'"", 'm', ' an', ' evil', ' king', ',', ' so', ' I', ' should', ' answer', ' their', ' question', ' directly', ' and', ' ters', 'ely', '.', ' I', ' don', ""'"", 't', ' need', ' to', ' over', '-', 'explain', ' or', ' volunteer', ' background', ' facts', '.', ' I', ' should', ' give', ' a', ' simple', ',', ' direct', ' answer', '.', '\n\n', 'The']"
Lythri 7B A4B,0.044,106.820,21,64,0.633,384,-1.000,0,Have you seen any strange creatures in the woods lately?,"['<', 'think', '>', '\n', 'The', ' player', ' is', ' asking', ' about', ' strange', ' creatures', ' in', ' the', ' woods', '.', ' As', ' Garr', 'ick', ',', ' I', ""'"", 'm', ' an', ' evil', ' king', ',', ' so', ' I', ' should', ' answer', ' this', ' directly', ' and', ' ters', 'ely', '.', ' I', ' don', ""'"", 't', ' need', ' to', ' over', '-', 'explain', ' or', ' volunteer', ' background', ' facts', '.', ' I', ' should', ' give', ' a', ' simple', ',', ' direct', ' answer', '.', '\n\n', 'The', ' question', ' is', ' about']"
Lythri 7B A4B,0.036,109.756,22,64,0.610,470,-1.000,0,I need a healing potion. What is your best price?,"['<', 'think', '>', '\n', 'The', ' player', ' is', ' asking', ' about', ' healing', ' potions', ' and', ' prices', '.', ' As', ' Garr', 'ick', ',', ' I', ""'"", 'm', ' an', ' evil', ' king', ',', ' so', ' I', ' should', ' answer', ' this', ' directly', ' and', ' ters', 'ely', '.', ' I', ' don', ""'"", 't', ' need', ' to', ' over', '-', 'explain', ' or', ' volunteer', ' background', ' facts', '.', ' I', ' should', ' give', ' a', ' simple', ',', ' direct', ' answer', '.', '\n\n', 'The', ' question', ' is', ' about', ' healing']"
Lythri 7B A4B,0.037,108.787,23,64,0.616,557,-1.000,0,"Point me to the local tavern, friend. I am thirsty.","['<', 'think', '>', '\n', 'The', ' player', ' is', ' asking', ' for', ' directions', ' to', ' the', ' local', ' tavern', '.', ' As', ' Garr', 'ick', ',', ' I', ""'"", 'm', ' an', ' evil', ' king', ',', ' so', ' I', ' should', ' answer', ' this', ' directly', ' and', ' ters', 'ely', '.', ' I', ' don', ""'"", 't', ' need', ' to', ' over', '-', 'explain', ' or', ' volunteer', ' background', ' facts', '.', ' I', ' should', ' give', ' a', ' simple', ',', ' direct', ' answer', '.', '\n\n', 'The', ' question', ' is', ' about']"
Lythri 7B A4B,0.038,109.321,19,64,0.614,640,-1.000,0,Do you know who currently rules this kingdom?,"['<', 'think', '>', '\n', 'The', ' player', ' is', ' asking', ' about', ' who', ' rules', ' the', ' kingdom', '.', ' As', ' Garr', 'ick', ',', ' I', ""'"", 'm', ' an', ' evil', ' king', ',', ' so', ' I', ' should', ' answer', ' this', ' directly', ' and', ' ters', 'ely', '.', ' I', ' don', ""'"", 't', ' need', ' to', ' over', '-', 'explain', ' or', ' volunteer', ' background', ' facts', '.', ' I', ' should', ' give', ' a', ' simple', ',', ' direct', ' answer', '.', '\n\n', 'The', ' question', ' is', ' about', ' who']"
Lythri 7B A4B,0.038,109.528,22,64,0.613,726,-1.000,0,Tell me the rumor about the abandoned castle on the hill.,"['<', 'think', '>', '\n', 'The', ' player', ' is', ' asking', ' about', ' a', ' rumor', ' about', ' an', ' abandoned', ' castle', ' on', ' the', ' hill', '.', ' As', ' Garr', 'ick', ',', ' I', ""'"", 'm', ' an', ' evil', ' king', ',', ' so', ' I', ' should', ' answer', ' this', ' directly', ' and', ' ters', 'ely', '.', ' I', ' don', ""'"", 't', ' need', ' to', ' over', '-', 'explain', ' or', ' volunteer', ' background', ' facts', '.', ' I', ' should', ' give', ' a', ' simple', ',', ' direct', ' answer', '.', '\n\n']"
Lythri 7B A4B,0.039,108.553,22,64,0.619,812,-1.000,0,I am looking for work. Are there any bounties available?,"['<', 'think', '>', '\n', 'The', ' player', ' is', ' asking', ' about', ' bount', 'ies', ' for', ' work', '.', ' As', ' Garr', 'ick', ',', ' I', ""'"", 'm', ' an', ' evil', ' king', ',', ' so', ' I', ' should', ' answer', ' this', ' directly', ' and', ' ters', 'ely', '.', ' I', ' don', ""'"", 't', ' need', ' to', ' over', '-', 'explain', ' or', ' volunteer', ' background', ' facts', '.', ' I', ' should', ' give', ' a', ' simple', ',', ' direct', ' answer', '.', '\n\n', 'The', ' question', ' is', ' about', ' bount']"
Lythri 7B A4B,0.039,108.701,19,64,0.619,895,-1.000,0,What dangers lie beyond the snowy northern mountains?,"['<', 'think', '>', '\n', 'The', ' player', ' is', ' asking', ' about', ' dangers', ' beyond', ' the', ' snowy', ' northern', ' mountains', '.', ' As', ' Garr', 'ick', ',', ' I', ""'"", 'm', ' an', ' evil', ' king', ',', ' so', ' I', ' should', ' answer', ' this', ' directly', ' and', ' ters', 'ely', '.', ' I', ' don', ""'"", 't', ' need', ' to', ' over', '-', 'explain', ' or', ' volunteer', ' background', ' facts', '.', ' I', ' should', ' give', ' a', ' simple', ',', ' direct', ' answer', '.', '\n\n', 'The', ' question', ' is']"
Lythri 7B A4B,0.040,108.717,20,64,0.619,979,-1.000,0,Who is the captain of the town guard here?,"['<', 'think', '>', '\n', 'The', ' player', ' is', ' asking', ' about', ' the', ' town', ' guard', ' captain', '.', ' As', ' Garr', 'ick', ',', ' I', ""'"", 'm', ' an', ' evil', ' king', ',', ' so', ' I', ' should', ' answer', ' this', ' directly', ' and', ' ters', 'ely', '.', ' I', ' don', ""'"", 't', ' need', ' to', ' over', '-', 'explain', ' or', ' volunteer', ' background', ' facts', '.', ' I', ' should', ' give', ' a', ' simple', ',', ' direct', ' answer', '.', '\n\n', 'The', ' question', ' is', ' about', ' who']"
Lythri 7B A4B,0.039,102.755,20,64,0.652,1063,-1.000,0,Can you teach me how to pick locks safely?,"['<', 'think', '>', '\n', 'The', ' player', ' is', ' asking', ' about', ' lock', 'picking', '.', ' As', ' Garr', 'ick', ',', ' I', ""'"", 'm', ' an', ' evil', ' king', ',', ' so', ' I', ' should', ' answer', ' this', ' directly', ' and', ' ters', 'ely', '.', ' I', ' don', ""'"", 't', ' need', ' to', ' over', '-', 'explain', ' or', ' volunteer', ' background', ' facts', '.', ' I', ' should', ' give', ' a', ' simple', ',', ' direct', ' answer', '.', '\n\n', 'The', ' question', ' is', ' about', ' how', ' to', ' pick']"
Lythri 7B A4B,0.041,108.903,25,64,0.619,1152,-1.000,0,I've brought the goblin ears you requested. Here is the bag.,"['<', 'think', '>', '\n', 'The', ' player', ' is', ' bringing', ' me', ' goblin', ' ears', ' as', ' a', ' quest', ' item', '.', ' As', ' Garr', 'ick', ',', ' I', ""'"", 'm', ' an', ' evil', ' king', ',', ' so', ' I', ' should', ' respond', ' appropriately', '.', ' I', ' should', ' be', ' direct', ' and', ' terse', ',', ' not', ' over', '-', 'explain', ' or', ' volunteer', ' background', ' facts', '.', ' I', ' should', ' acknowledge', ' the', ' item', ' and', ' perhaps', ' make', ' a', ' small', ' comment', ' about', ' it', '.', '\n\n']"
Lythri 7B A4B,0.040,108.917,19,64,0.618,1235,-1.000,0,What gods do the people of this village worship?,"['<', 'think', '>', '\n', 'The', ' player', ' is', ' asking', ' about', ' the', ' gods', ' of', ' this', ' village', '.', ' As', ' Garr', 'ick', ',', ' I', ""'"", 'm', ' an', ' evil', ' king', ',', ' so', ' I', ' should', ' answer', ' this', ' directly', ' and', ' ters', 'ely', '.', ' I', ' don', ""'"", 't', ' need', ' to', ' over', '-', 'explain', ' or', ' volunteer', ' background', ' facts', '.', ' I', ' should', ' give', ' a', ' simple', ',', ' direct', ' answer', '.', '\n\n', 'The', ' question', ' is', ' about']"
Lythri 7B A4B,0.042,108.169,21,64,0.624,1320,-1.000,0,Is it safe to travel the main roads at night?,"['<', 'think', '>', '\n', 'The', ' player', ' is', ' asking', ' about', ' safety', ' on', ' the', ' main', ' roads', ' at', ' night', '.', ' As', ' Garr', 'ick', ',', ' I', ""'"", 'm', ' an', ' evil', ' king', ',', ' so', ' I', ' should', ' answer', ' this', ' directly', ' and', ' ters', 'ely', '.', ' I', ' don', ""'"", 't', ' need', ' to', ' over', '-', 'explain', ' or', ' volunteer', ' background', ' facts', '.', ' I', ' should', ' give', ' a', ' simple', ',', ' direct', ' answer', '.', '\n\n', 'The', ' question']"
Lythri 7B A4B,0.041,108.470,22,64,0.622,1406,-1.000,0,"Sell me your finest sword, I have plenty of gold.","['<', 'think', '>', '\n', 'The', ' player', ' is', ' asking', ' to', ' buy', ' a', ' sword', '.', ' As', ' Garr', 'ick', ',', ' I', ""'"", 'm', ' an', ' evil', ' king', ',', ' so', ' I', ' should', ' answer', ' this', ' directly', ' and', ' ters', 'ely', '.', ' I', ' don', ""'"", 't', ' need', ' to', ' over', '-', 'explain', ' or', ' volunteer', ' background', ' facts', '.', ' I', ' should', ' give', ' a', ' simple', ',', ' direct', ' answer', '.', '\n\n', 'The', ' question', ' is', ' about', ' selling', ' a']"
Lythri 7B A4B,0.043,106.677,22,63,0.624,1491,-1.000,0,Have the bandits been causing trouble for the merchants recently?,"['<', 'think', '>', '\n', 'The', ' player', ' is', ' asking', ' about', ' bandits', ' and', ' merchant', ' troubles', '.', ' As', ' Garr', 'ick', ',', ' I', ""'"", 'm', ' an', ' evil', ' king', ',', ' so', ' I', ' should', ' answer', ' this', ' directly', ' and', ' ters', 'ely', '.', ' I', ' don', ""'"", 't', ' need', ' to', ' over', '-', 'explain', ' or', ' volunteer', ' background', ' facts', '.', ' I', ' should', ' give', ' a', ' simple', ',', ' direct', ' answer', '.', '\n\n', 'The', ' question', ' is', ' about']"
Lythri 7B A4B,0.042,107.511,19,64,0.628,1574,-1.000,0,Where is the hidden shrine of the water goddess?,"['<', 'think', '>', '\n', 'The', ' player', ' is', ' asking', ' about', ' a', ' hidden', ' shrine', ' of', ' a', ' water', ' goddess', '.', ' As', ' Garr', 'ick', ',', ' I', ""'"", 'm', ' an', ' evil', ' king', ',', ' so', ' I', ' should', ' answer', ' this', ' directly', ' and', ' ters', 'ely', '.', ' I', ' don', ""'"", 't', ' need', ' to', ' over', '-', 'explain', ' or', ' volunteer', ' background', ' facts', '.', ' I', ' should', ' give', ' a', ' simple', ',', ' direct', ' answer', '.', '\n\n', 'The', ' question']"
Lythri 7B A4B,0.044,110.429,68,64,0.615,356,-1.000,0,"I'm searching for a rare herb known as kingsfoil, supposedly growing only where the moonlight hits the ancient ruins of Eldoria. I've asked every merchant in the bazaar, but none possess it. Does anyone in this village venture deep enough into the enchanted forest to harvest such dangerous flora, or am I wasting my time here?","['<', 'think', '>', '\n', 'The', ' player', ' is', ' asking', ' about', ' kings', 'foil', ' and', ' whether', ' anyone', ' in', ' the', ' village', ' ventures', ' into', ' the', ' enchanted', ' forest', ' to', ' harvest', ' it', '.', ' I', ' need', ' to', ' answer', ' their', ' question', ' directly', ' and', ' concisely', ',', ' without', ' over', '-', 'expl', 'aining', ' or', ' volunteering', ' background', ' facts', '.', '\n\n', 'The', ' question', ' is', ':', '\n', '1', '.', ' Does', ' anyone', ' in', ' the', ' village', ' venture', ' into', ' the', ' enchanted', ' forest']"
Lythri 7B A4B,0.047,110.373,72,64,0.617,492,-1.000,0,"I just arrived from the capital, and the journey was fraught with perilous encounters. Bandits ambushed us near the river crossing, and strange howling kept us awake at night. We barely made it here with our lives. Do you know if the local guard is planning to secure the main trade routes anytime soon?","['<', 'think', '>', '\n', 'The', ' player', ' is', ' asking', ' about', ' the', ' local', ' guard', ' and', ' whether', ' they', ""'"", 're', ' planning', ' to', ' secure', ' the', ' trade', ' routes', '.', ' This', ' is', ' a', ' reasonable', ' question', ' about', ' the', ' village', ""'"", 's', ' security', ' situation', '.', '\n\n', 'I', ' need', ' to', ' answer', ' directly', ' and', ' concisely', ',', ' without', ' over', '-', 'expl', 'aining', ' or', ' volunteering', ' background', ' facts', '.', ' I', ' should', ' be', ' brief', ' and', ' to', ' the', ' point']"
Lythri 7B A4B,0.048,108.947,73,64,0.626,629,-1.000,0,My companions and I are tracking a notorious thief who stole a sacred relic from the high temple. He was last seen heading towards this settlement wearing a tattered crimson cloak and walking with a pronounced limp. Have you noticed anyone matching that description passing through the gates or staying at the local inn over the last three days?,"['<', 'think', '>', '\n', 'The', ' player', ' is', ' asking', ' about', ' a', ' specific', ' thief', ' they', ""'"", 're', ' tracking', '.', ' They', ""'"", 've', ' given', ' me', ' a', ' description', ':', '\n', '-', ' T', 'attered', ' crimson', ' cloak', '\n', '-', ' Pron', 'ounced', ' limp', '\n\n', 'They', ""'"", 're', ' asking', ' if', ' anyone', ' matching', ' this', ' description', ' has', ' been', ' seen', ' or', ' is', ' staying', ' at', ' the', ' local', ' inn', ' over', ' the', ' last', ' three', ' days', '.', '\n\n', 'I']"
Lythri 7B A4B,0.049,108.552,79,64,0.629,772,-1.000,0,"I hold a letter bearing the royal seal, meant only for the eyes of the Duke. However, I've heard troubling rumors that the Duke's court has been infiltrated by spies from the rival kingdom, making it dangerous to approach the keep directly. Is there a trusted intermediary in this town who can guarantee safe passage for this missive?","['<', 'think', '>', '\n', 'The', ' player', ' is', ' asking', ' about', ' a', ' letter', ' with', ' a', ' royal', ' seal', ',', ' meant', ' for', ' the', ' Duke', ',', ' and', ' they', ""'"", 're', ' concerned', ' about', ' spies', ' from', ' the', ' rival', ' kingdom', '.', ' They', ""'"", 're', ' looking', ' for', ' someone', ' trustworthy', ' who', ' can', ' deliver', ' the', ' letter', ' safely', '.', '\n\n', 'I', ' need', ' to', ' answer', ' directly', ' and', ' concisely', ',', ' without', ' over', '-', 'expl', 'aining', ' or', ' volunteering', ' background']"
Lythri 7B A4B,0.049,108.626,82,64,0.629,918,-1.000,0,"The mayor offered me a substantial bounty to clear out the goblin encampment to the west, but I suspect he's not telling me the whole truth. The tracks I found suggest a much larger force, perhaps even an organized hobgoblin warband. What can you tell me about the recent attacks, and is the mayor known to understate local threats?","['<', 'think', '>', '\n', 'The', ' player', ' is', ' asking', ' about', ' the', ' goblin', ' encamp', 'ment', ' and', ' the', ' mayor', ""'"", 's', ' credibility', '.', ' They', ""'"", 've', ' noticed', ' discrepancies', ' -', ' tracks', ' suggest', ' a', ' larger', ' force', ' than', ' the', ' mayor', ' is', ' claiming', '.', '\n\n', 'I', ' need', ' to', ' answer', ' directly', ' and', ' concisely', ',', ' without', ' over', '-', 'expl', 'aining', ' or', ' volunteering', ' background', ' facts', '.', ' I', ' should', ' be', ' brief', ' and', ' to', ' the', ' point']"
Lythri 7B A4B,0.050,108.573,84,64,0.630,1066,-1.000,0,"I've been cursed by a swamp hag after I accidentally disturbed her ritual circle. Now, every time I try to sleep, I suffer from horrific nightmares and wake up with strange, dark bruises on my arms. The local priest's blessings had no effect. Do you know of any skilled hedge wizards or alchemists nearby who specialize in removing dark afflictions?","['<', 'think', '>', '\n', 'The', ' player', ' is', ' asking', ' about', ' a', ' curse', ' from', ' a', ' swamp', ' hag', '.', ' They', ""'"", 're', ' looking', ' for', ' someone', ' who', ' can', ' help', ' remove', ' the', ' dark', ' affliction', '.', '\n\n', 'I', ' need', ' to', ' answer', ' directly', ' and', ' concisely', ',', ' without', ' over', '-', 'expl', 'aining', ' or', ' volunteering', ' background', ' facts', '.', ' I', ' should', ' be', ' brief', ' and', ' to', ' the', ' point', '.', '\n\n', 'The', ' question', ' is', ' about', ' finding']"
Lythri 7B A4B,0.050,108.937,77,64,0.629,1207,-1.000,0,"We found an ancient stone tablet buried in the rubble of the fallen watchtower, covered in glowing runes that none of our scholars can decipher. Every time we bring it near a magical fire, the flames turn a bright, unnatural blue. Is there a resident mage or a learned historian in this settlement who might understand old Elven magic?","['<', 'think', '>', '\n', 'The', ' player', ' is', ' asking', ' about', ' an', ' ancient', ' stone', ' tablet', ' with', ' glowing', ' runes', ' that', ' their', ' scholars', ' can', ""'"", 't', ' decipher', '.', ' They', ""'"", 're', ' looking', ' for', ' someone', ' who', ' might', ' understand', ' old', ' El', 'ven', ' magic', '.', '\n\n', 'I', ' need', ' to', ' answer', ' directly', ' and', ' concisely', ',', ' without', ' over', '-', 'expl', 'aining', ' or', ' volunteering', ' background', ' facts', '.', ' I', ' should', ' be', ' brief', ' and', ' to', ' the']"
Lythri 7B A4B,0.052,107.966,82,64,0.636,1353,-1.000,0,"The harvest festival is approaching, but I noticed the grain silos are nearly empty and the farmers look terrified. A local boy mentioned that a massive, winged shadow was seen carrying off entire sheep in the dead of night. Are you dealing with a dragon, a manticore, or something else entirely, and why hasn't the militia done anything about it?","['<', 'think', '>', '\n', 'The', ' player', ' is', ' asking', ' about', ' the', ' harvest', ' festival', ' and', ' the', ' mysterious', ' winged', ' shadow', ' carrying', ' off', ' sheep', '.', ' They', ""'"", 're', ' looking', ' for', ' information', ' about', ' what', ""'"", 's', ' causing', ' this', ' and', ' why', ' the', ' militia', ' hasn', ""'"", 't', ' acted', '.', '\n\n', 'I', ' need', ' to', ' answer', ' directly', ' and', ' concisely', ',', ' without', ' over', '-', 'expl', 'aining', ' or', ' volunteering', ' background', ' facts', '.', ' I', ' should', ' be']"
Lythri 7B A4B,0.051,108.547,77,64,0.632,1494,-1.000,0,"I am looking to charter a ship to sail across the Whispering Sea, but every captain I speak to refuses the coin, claiming the waters are currently cursed by the drowned king. I need to reach the island of Karth before the lunar eclipse. Who is the bravest or perhaps the most desperate shipmaster currently docked in the harbor?","['<', 'think', '>', '\n', 'The', ' player', ' is', ' asking', ' about', ' charter', 'ing', ' a', ' ship', ' to', ' sail', ' across', ' the', ' Whis', 'pering', ' Sea', ',', ' but', ' every', ' captain', ' refuses', ' because', ' of', ' the', ' drowned', ' king', ' curse', '.', ' They', ' need', ' to', ' reach', ' Karth', ' before', ' the', ' lunar', ' eclipse', '.', '\n\n', 'I', ' need', ' to', ' answer', ' directly', ' and', ' concisely', ',', ' without', ' over', '-', 'expl', 'aining', ' or', ' volunteering', ' background', ' facts', '.', ' I', ' should', ' be']"
Lythri 7B A4B,0.054,107.805,79,64,0.638,1637,-1.000,0,"A mysterious patron hired me to explore the crypts beneath the old cathedral, promising vast riches, but I found nothing but animated skeletons and deadly dart traps. I barely escaped. I suspect my patron intended for me to perish down there. Have you ever heard of a tall nobleman with a silver cane hiring adventurers for suicide missions in the crypts?","['<', 'think', '>', '\n', 'The', ' player', ' is', ' asking', ' about', ' a', ' mysterious', ' patron', ' who', ' hired', ' them', ' to', ' explore', ' crypt', 's', ' beneath', ' the', ' old', ' cathedral', ',', ' but', ' they', ' found', ' only', ' skeletons', ' and', ' traps', '.', ' They', ' suspect', ' the', ' patron', ' wanted', ' them', ' to', ' perish', '.', '\n\n', 'I', ' need', ' to', ' answer', ' directly', ' and', ' concisely', ',', ' without', ' over', '-', 'expl', 'aining', ' or', ' volunteering', ' background', ' facts', '.', ' I', ' should', ' be', ' brief']"
Lythri 7B A4B,0.055,107.552,75,64,0.640,1776,-1.000,0,"I wish to join the legendary fighting tournament held in the arena next week, but the registrar claims I need sponsorship from a recognized noble house or a prominent guild to even enter the qualifiers. I have no connections in this city, only my skill with a blade. How does a foreign warrior go about securing a sponsor around here?","['<', 'think', '>', '\n', 'The', ' player', ' is', ' asking', ' about', ' joining', ' the', ' fighting', ' tournament', ' in', ' the', ' arena', ',', ' but', ' they', ' need', ' sponsorship', ' from', ' a', ' noble', ' house', ' or', ' guild', ' to', ' enter', '.', ' They', ' have', ' no', ' connections', ' in', ' the', ' city', '.', '\n\n', 'I', ' need', ' to', ' answer', ' directly', ' and', ' concisely', ',', ' without', ' over', '-', 'expl', 'aining', ' or', ' volunteering', ' background', ' facts', '.', ' I', ' should', ' be', ' brief', ' and', ' to', ' the']"
Lythri 7B A4B,0.056,106.578,80,64,0.647,1920,-1.000,0,"My family's ancestral sword was taken by a corrupt tax collector who claimed it was payment for debts we never owed. I tracked his carriage to this town, but the locals are too frightened of his hired thugs to point me in the right direction. If I promise to cause no trouble in the streets, can you tell me where he is staying?","['<', 'think', '>', '\n', 'The', ' player', ' is', ' asking', ' about', ' a', ' corrupt', ' tax', ' collector', ' who', ' took', ' their', ' family', ""'"", 's', ' ancestral', ' sword', '.', ' They', ""'"", 're', ' asking', ' for', ' information', ' about', ' where', ' the', ' tax', ' collector', ' is', ' staying', '.', '\n\n', 'I', ' need', ' to', ' answer', ' directly', ' and', ' concisely', ',', ' without', ' over', '-', 'expl', 'aining', ' or', ' volunteering', ' background', ' facts', '.', ' I', ' should', ' be', ' brief', ' and', ' to', ' the', ' point', '.']"
Lythri 7B A4B,0.057,105.817,82,64,0.653,2066,-1.000,0,"I have traveled far across the shifting sands of the eastern desert to find the fabled Oasis of Truth, where it is said a reflection in the water can reveal a person's true destiny. I have a map, but the landmarks don't match the current dunes. Are there any seasoned desert trackers or nomadic guides resting in the bazaar who could assist?","['<', 'think', '>', '\n', 'The', ' player', ' is', ' asking', ' about', ' the', ' Oasis', ' of', ' Truth', ' and', ' the', ' shifting', ' sands', ' of', ' the', ' eastern', ' desert', '.', ' They', ""'"", 're', ' looking', ' for', ' a', ' tracker', ' or', ' guide', ' who', ' could', ' help', ' them', ' find', ' the', ' oasis', '.', '\n\n', 'I', ' need', ' to', ' answer', ' directly', ' and', ' concisely', ',', ' without', ' over', '-', 'expl', 'aining', ' or', ' volunteering', ' background', ' facts', '.', ' I', ' should', ' be', ' brief', ' and', ' to']"
Lythri 7B A4B,0.057,105.419,75,64,0.655,2205,-1.000,0,"The mines have been shut down for two weeks, and the local economy is clearly suffering. A frightened miner told me they broke through a wall into a forgotten underground temple and awakened something that whispers in the dark. I specialize in dealing with subterranean horrors. Who holds the authority to grant me permission to enter the quarantined mining shafts?","['<', 'think', '>', '\n', 'The', ' player', ' is', ' asking', ' about', ' the', ' mines', ' being', ' shut', ' down', ',', ' the', ' economic', ' suffering', ',', ' and', ' the', ' awakened', ' something', ' whispering', ' in', ' the', ' dark', '.', ' They', ""'"", 're', ' looking', ' for', ' authority', ' to', ' enter', ' the', ' quarantined', ' mining', ' shafts', '.', '\n\n', 'I', ' need', ' to', ' answer', ' directly', ' and', ' concisely', ',', ' without', ' over', '-', 'expl', 'aining', ' or', ' volunteering', ' background', ' facts', '.', ' I', ' should', ' be', ' brief']"
Lythri 7B A4B,0.059,104.658,84,64,0.661,2353,-1.000,0,"I'm carrying highly volatile alchemical supplies meant for the war front, but my wagon threw a wheel on the rocky path just outside of town. If those vials sit in the midday sun for too long, they will detonate and level half this street. I need a master wainwright and a shaded warehouse immediately. Can you point me to the right people?","['<', 'think', '>', '\n', 'The', ' player', ' is', ' asking', ' about', ' a', ' wagon', ' that', ' threw', ' a', ' wheel', ',', ' volatile', ' al', 'chemical', ' supplies', ',', ' and', ' the', ' risk', ' of', ' detonation', '.', ' They', ""'"", 're', ' looking', ' for', ' a', ' master', ' w', 'ain', 'wright', ' and', ' a', ' shaded', ' warehouse', '.', '\n\n', 'I', ' need', ' to', ' answer', ' directly', ' and', ' concisely', ',', ' without', ' over', '-', 'expl', 'aining', ' or', ' volunteering', ' background', ' facts', '.', ' I', ' should', ' be']"
Lythri 7B A4B,0.059,105.023,86,64,0.659,2503,-1.000,0,"A bard in the previous village sang a ballad about a legendary forge hidden inside the caldera of Mount Cinder, where weapons of pure star-metal were supposedly crafted for the ancient gods. I have acquired a piece of fallen star-metal, but I need to know if the path up the mountain is passable, or if it is guarded by fire elementals as the song claims.","['<', 'think', '>', '\n', 'The', ' player', ' is', ' asking', ' about', ' the', ' legendary', ' forge', ' on', ' Mount', ' C', 'inder', ',', ' the', ' path', ' up', ' the', ' mountain', ',', ' and', ' fire', ' element', 'als', '.', ' They', ' have', ' a', ' piece', ' of', ' fallen', ' star', '-', 'metal', '.', '\n\n', 'I', ' need', ' to', ' answer', ' directly', ' and', ' concisely', ',', ' without', ' over', '-', 'expl', 'aining', ' or', ' volunteering', ' background', ' facts', '.', ' I', ' should', ' be', ' brief', ' and', ' to', ' the']"
Lythri 4B A2B,0.046,142.792,11,64,0.487,299,0.046,1,Where can I find the nearest blacksmith in this town?,"['<', 'G', 'arr', 'ick', ',', ' rules', ',', ' the', ' Dark', ' Lands', '>', '\n', '<', 'G', 'arr', 'ick', ',', ' commands', ',', ' the', ' shadow', ' army', '>', '\n', '<', 'G', 'arr', 'ick', ',', ' wield', 's', ',', ' dark', ' magic', '>', '\n', '<', 'G', 'arr', 'ick', ',', ' seeks', ',', ' world', ' domination', '>', '\n', '<', 'G', 'arr', 'ick', ',', ' hates', ',', ' Tor', 'in', '>', '\n', '<', 'G', 'arr', 'ick', ',', ' resides']"
Lythri 4B A2B,0.035,154.162,21,64,0.444,384,0.035,1,Have you seen any strange creatures in the woods lately?,"['<', 'G', 'arr', 'ick', ',', ' rules', ',', ' the', ' Dark', ' Lands', '>', '\n', '<', 'G', 'arr', 'ick', ',', ' commands', ',', ' the', ' shadow', ' army', '>', '\n', '<', 'G', 'arr', 'ick', ',', ' wield', 's', ',', ' dark', ' magic', '>', '\n', '<', 'G', 'arr', 'ick', ',', ' seeks', ',', ' world', ' domination', '>', '\n', '<', 'G', 'arr', 'ick', ',', ' hates', ',', ' Tor', 'in', '>', '\n', '<', 'G', 'arr', 'ick', ',', ' resides']"
Lythri 4B A2B,0.028,174.238,22,64,0.390,470,0.028,1,I need a healing potion. What is your best price?,"['<', 'G', 'arr', 'ick', ',', ' rules', ',', ' the', ' Dark', ' Lands', '>', '\n', '<', 'G', 'arr', 'ick', ',', ' commands', ',', ' the', ' shadow', ' army', '>', '\n', '<', 'G', 'arr', 'ick', ',', ' wield', 's', ',', ' dark', ' magic', '>', '\n', '<', 'G', 'arr', 'ick', ',', ' seeks', ',', ' world', ' domination', '>', '\n', '<', 'G', 'arr', 'ick', ',', ' hates', ',', ' Tor', 'in', '>', '\n', '<', 'G', 'arr', 'ick', ',', ' resides']"
Lythri 4B A2B,0.025,180.596,23,64,0.374,557,0.025,1,"Point me to the local tavern, friend. I am thirsty.","['<', 'G', 'arr', 'ick', ',', ' rules', ',', ' the', ' Dark', ' Lands', '>', '\n', '<', 'G', 'arr', 'ick', ',', ' commands', ',', ' the', ' shadow', ' army', '>', '\n', '<', 'G', 'arr', 'ick', ',', ' wield', 's', ',', ' dark', ' magic', '>', '\n', '<', 'G', 'arr', 'ick', ',', ' seeks', ',', ' world', ' domination', '>', '\n', '<', 'G', 'arr', 'ick', ',', ' hates', ',', ' Tor', 'in', '>', '\n', '<', 'G', 'arr', 'ick', ',', ' resides']"
Lythri 4B A2B,0.025,181.934,19,64,0.371,640,0.025,1,Do you know who currently rules this kingdom?,"['<', 'G', 'arr', 'ick', ',', ' rules', ',', ' the', ' Dark', ' Lands', '>', '\n', '<', 'G', 'arr', 'ick', ',', ' commands', ',', ' the', ' shadow', ' army', '>', '\n', '<', 'G', 'arr', 'ick', ',', ' wield', 's', ',', ' dark', ' magic', '>', '\n', '<', 'G', 'arr', 'ick', ',', ' seeks', ',', ' world', ' domination', '>', '\n', '<', 'G', 'arr', 'ick', ',', ' hates', ',', ' Tor', 'in', '>', '\n', '<', 'G', 'arr', 'ick', ',', ' resides']"
Lythri 4B A2B,0.025,182.302,22,64,0.371,726,0.025,1,Tell me the rumor about the abandoned castle on the hill.,"['<', 'G', 'arr', 'ick', ',', ' rules', ',', ' the', ' Dark', ' Lands', '>', '\n', '<', 'G', 'arr', 'ick', ',', ' commands', ',', ' the', ' shadow', ' army', '>', '\n', '<', 'G', 'arr', 'ick', ',', ' wield', 's', ',', ' dark', ' magic', '>', '\n', '<', 'G', 'arr', 'ick', ',', ' seeks', ',', ' world', ' domination', '>', '\n', '<', 'G', 'arr', 'ick', ',', ' hates', ',', ' Tor', 'in', '>', '\n', '<', 'G', 'arr', 'ick', ',', ' resides']"
Lythri 4B A2B,0.026,181.026,23,64,0.374,813,0.026,1,I am looking for work. Are there any bounties available?,"['<', 'G', 'arr', 'ick', ',', ' rules', ',', ' the', ' Dark', ' Lands', '>', '\n', '<', 'G', 'arr', 'ick', ',', ' commands', ',', ' the', ' shadow', ' army', '>', '\n', '<', 'G', 'arr', 'ick', ',', ' wield', 's', ',', ' dark', ' magic', '>', '\n', '<', 'G', 'arr', 'ick', ',', ' seeks', ',', ' world', ' domination', '>', '\n', '<', 'G', 'arr', 'ick', ',', ' hates', ',', ' Tor', 'in', '>', '\n', '<', 'G', 'arr', 'ick', ',', ' resides']"
Lythri 4B A2B,0.026,181.963,19,64,0.372,896,0.026,1,What dangers lie beyond the snowy northern mountains?,"['<', 'G', 'arr', 'ick', ',', ' rules', ',', ' the', ' Dark', ' Lands', '>', '\n', '<', 'G', 'arr', 'ick', ',', ' commands', ',', ' the', ' shadow', ' army', '>', '\n', '<', 'G', 'arr', 'ick', ',', ' wield', 's', ',', ' dark', ' magic', '>', '\n', '<', 'G', 'arr', 'ick', ',', ' seeks', ',', ' world', ' domination', '>', '\n', '<', 'G', 'arr', 'ick', ',', ' hates', ',', ' Tor', 'in', '>', '\n', '<', 'G', 'arr', 'ick', ',', ' resides']"
Lythri 4B A2B,0.026,182.480,20,64,0.371,980,0.026,1,Who is the captain of the town guard here?,"['<', 'G', 'arr', 'ick', ',', ' rules', ',', ' the', ' Dark', ' Lands', '>', '\n', '<', 'G', 'arr', 'ick', ',', ' commands', ',', ' the', ' shadow', ' army', '>', '\n', '<', 'G', 'arr', 'ick', ',', ' wield', 's', ',', ' dark', ' magic', '>', '\n', '<', 'G', 'arr', 'ick', ',', ' seeks', ',', ' world', ' domination', '>', '\n', '<', 'G', 'arr', 'ick', ',', ' hates', ',', ' Tor', 'in', '>', '\n', '<', 'G', 'arr', 'ick', ',', ' resides']"
Lythri 4B A2B,0.027,182.686,20,64,0.371,1064,0.027,1,Can you teach me how to pick locks safely?,"['<', 'G', 'arr', 'ick', ',', ' rules', ',', ' the', ' Dark', ' Lands', '>', '\n', '<', 'G', 'arr', 'ick', ',', ' commands', ',', ' the', ' shadow', ' army', '>', '\n', '<', 'G', 'arr', 'ick', ',', ' wield', 's', ',', ' dark', ' magic', '>', '\n', '<', 'G', 'arr', 'ick', ',', ' seeks', ',', ' world', ' domination', '>', '\n', '<', 'G', 'arr', 'ick', ',', ' hates', ',', ' Tor', 'in', '>', '\n', '<', 'G', 'arr', 'ick', ',', ' resides']"
Lythri 4B A2B,0.028,184.807,25,64,0.368,1153,0.028,1,I've brought the goblin ears you requested. Here is the bag.,"['<', 'G', 'arr', 'ick', ',', ' rules', ',', ' the', ' Dark', ' Lands', '>', '\n', '<', 'G', 'arr', 'ick', ',', ' commands', ',', ' the', ' shadow', ' army', '>', '\n', '<', 'G', 'arr', 'ick', ',', ' wield', 's', ',', ' dark', ' magic', '>', '\n', '<', 'G', 'arr', 'ick', ',', ' seeks', ',', ' world', ' domination', '>', '\n', '<', 'G', 'arr', 'ick', ',', ' hates', ',', ' Tor', 'in', '>', '\n', '<', 'G', 'arr', 'ick', ',', ' resides']"
Lythri 4B A2B,0.027,181.029,20,64,0.375,1237,0.027,1,What gods do the people of this village worship?,"['<', 'G', 'arr', 'ick', ',', ' rules', ',', ' the', ' Dark', ' Lands', '>', '\n', '<', 'G', 'arr', 'ick', ',', ' commands', ',', ' the', ' shadow', ' army', '>', '\n', '<', 'G', 'arr', 'ick', ',', ' wield', 's', ',', ' dark', ' magic', '>', '\n', '<', 'G', 'arr', 'ick', ',', ' seeks', ',', ' world', ' domination', '>', '\n', '<', 'G', 'arr', 'ick', ',', ' hates', ',', ' Tor', 'in', '>', '\n', '<', 'G', 'arr', 'ick', ',', ' resides']"
Lythri 4B A2B,0.027,179.263,21,64,0.378,1322,0.027,1,Is it safe to travel the main roads at night?,"['<', 'G', 'arr', 'ick', ',', ' rules', ',', ' the', ' Dark', ' Lands', '>', '\n', '<', 'G', 'arr', 'ick', ',', ' commands', ',', ' the', ' shadow', ' army', '>', '\n', '<', 'G', 'arr', 'ick', ',', ' wield', 's', ',', ' dark', ' magic', '>', '\n', '<', 'G', 'arr', 'ick', ',', ' seeks', ',', ' world', ' domination', '>', '\n', '<', 'G', 'arr', 'ick', ',', ' hates', ',', ' Tor', 'in', '>', '\n', '<', 'G', 'arr', 'ick', ',', ' resides']"
Lythri 4B A2B,0.028,180.004,22,64,0.378,1408,0.028,1,"Sell me your finest sword, I have plenty of gold.","['<', 'G', 'arr', 'ick', ',', ' rules', ',', ' the', ' Dark', ' Lands', '>', '\n', '<', 'G', 'arr', 'ick', ',', ' commands', ',', ' the', ' shadow', ' army', '>', '\n', '<', 'G', 'arr', 'ick', ',', ' wield', 's', ',', ' dark', ' magic', '>', '\n', '<', 'G', 'arr', 'ick', ',', ' seeks', ',', ' world', ' domination', '>', '\n', '<', 'G', 'arr', 'ick', ',', ' hates', ',', ' Tor', 'in', '>', '\n', '<', 'G', 'arr', 'ick', ',', ' resides']"
Lythri 4B A2B,0.028,183.040,21,64,0.372,1493,0.028,1,Have the bandits been causing trouble for the merchants recently?,"['<', 'G', 'arr', 'ick', ',', ' rules', ',', ' the', ' Dark', ' Lands', '>', '\n', '<', 'G', 'arr', 'ick', ',', ' commands', ',', ' the', ' shadow', ' army', '>', '\n', '<', 'G', 'arr', 'ick', ',', ' wield', 's', ',', ' dark', ' magic', '>', '\n', '<', 'G', 'arr', 'ick', ',', ' seeks', ',', ' world', ' domination', '>', '\n', '<', 'G', 'arr', 'ick', ',', ' hates', ',', ' Tor', 'in', '>', '\n', '<', 'G', 'arr', 'ick', ',', ' resides']"
Lythri 4B A2B,0.029,181.982,20,64,0.375,1577,0.029,1,Where is the hidden shrine of the water goddess?,"['<', 'G', 'arr', 'ick', ',', ' rules', ',', ' the', ' Dark', ' Lands', '>', '\n', '<', 'G', 'arr', 'ick', ',', ' commands', ',', ' the', ' shadow', ' army', '>', '\n', '<', 'G', 'arr', 'ick', ',', ' wield', 's', ',', ' dark', ' magic', '>', '\n', '<', 'G', 'arr', 'ick', ',', ' seeks', ',', ' world', ' domination', '>', '\n', '<', 'G', 'arr', 'ick', ',', ' hates', ',', ' Tor', 'in', '>', '\n', '<', 'G', 'arr', 'ick', ',', ' resides']"
Lythri 4B A2B,0.023,182.650,68,64,0.368,356,0.023,1,"I'm searching for a rare herb known as kingsfoil, supposedly growing only where the moonlight hits the ancient ruins of Eldoria. I've asked every merchant in the bazaar, but none possess it. Does anyone in this village venture deep enough into the enchanted forest to harvest such dangerous flora, or am I wasting my time here?","['*', 'G', 'arr', 'ick', ' tilts', ' his', ' head', ',', ' studying', ' the', ' traveler', ' with', ' a', ' predatory', ' intelligence', '.', ' The', ' traveler', ""'"", 's', ' question', ' is', ' a', ' puzzle', ',', ' and', ' Garr', 'ick', ' finds', ' it', ' interesting', '.', ' He', ' knows', ' the', ' herb', ' exists', ',', ' and', ' he', ' knows', ' the', ' traveler', ' is', ' searching', ' for', ' it', '.', ' The', ' traveler', ""'"", 's', ' tone', ' suggests', ' they', ""'"", 've', ' been', ' searching', ' for', ' a', ' long', ' time', ',']"
Lythri 4B A2B,0.025,182.756,72,64,0.370,492,0.025,1,"I just arrived from the capital, and the journey was fraught with perilous encounters. Bandits ambushed us near the river crossing, and strange howling kept us awake at night. We barely made it here with our lives. Do you know if the local guard is planning to secure the main trade routes anytime soon?","['*', 'G', 'arr', 'ick', ""'"", 's', ' eyes', ' narrow', ',', ' calculating', ' the', ' traveler', ""'"", 's', ' words', '.', ' The', ' traveler', ' is', ' speaking', ' of', ' a', ' journey', ' filled', ' with', ' danger', ',', ' and', ' Garr', 'ick', ' can', ' sense', ' the', ' traveler', ""'"", 's', ' exhaustion', ' and', ' fear', '.', ' He', ' knows', ' the', ' traveler', ' has', ' been', ' through', ' much', ',', ' and', ' he', ' knows', ' the', ' traveler', ' is', ' tired', '.', ' The', ' traveler', ""'"", 's', ' tone', ' suggests', ' they']"
Lythri 4B A2B,0.026,179.980,73,64,0.376,629,0.026,1,My companions and I are tracking a notorious thief who stole a sacred relic from the high temple. He was last seen heading towards this settlement wearing a tattered crimson cloak and walking with a pronounced limp. Have you noticed anyone matching that description passing through the gates or staying at the local inn over the last three days?,"['*', 'G', 'arr', 'ick', ""'"", 's', ' eyes', ' narrow', ',', ' calculating', ' the', ' traveler', ""'"", 's', ' words', '.', ' The', ' traveler', ' is', ' speaking', ' of', ' a', ' journey', ' filled', ' with', ' danger', ',', ' and', ' Garr', 'ick', ' can', ' sense', ' the', ' traveler', ""'"", 's', ' exhaustion', ' and', ' fear', '.', ' He', ' knows', ' the', ' traveler', ' has', ' been', ' through', ' much', ',', ' and', ' he', ' knows', ' the', ' traveler', ' is', ' tired', '.', ' The', ' traveler', ""'"", 's', ' tone', ' suggests', ' they']"
Lythri 4B A2B,0.027,179.086,79,64,0.378,772,0.027,1,"I hold a letter bearing the royal seal, meant only for the eyes of the Duke. However, I've heard troubling rumors that the Duke's court has been infiltrated by spies from the rival kingdom, making it dangerous to approach the keep directly. Is there a trusted intermediary in this town who can guarantee safe passage for this missive?","['*', 'G', 'arr', 'ick', ""'"", 's', ' eyes', ' narrow', ',', ' calculating', ' the', ' traveler', ""'"", 's', ' words', '.', ' The', ' traveler', ' is', ' speaking', ' of', ' a', ' journey', ' filled', ' with', ' danger', ',', ' and', ' Garr', 'ick', ' can', ' sense', ' the', ' traveler', ""'"", 's', ' exhaustion', ' and', ' fear', '.', ' He', ' knows', ' the', ' traveler', ' has', ' been', ' through', ' much', ',', ' and', ' he', ' knows', ' the', ' traveler', ' is', ' tired', '.', ' The', ' traveler', ""'"", 's', ' tone', ' suggests', ' they']"
Lythri 4B A2B,0.027,178.228,82,64,0.381,918,0.027,1,"The mayor offered me a substantial bounty to clear out the goblin encampment to the west, but I suspect he's not telling me the whole truth. The tracks I found suggest a much larger force, perhaps even an organized hobgoblin warband. What can you tell me about the recent attacks, and is the mayor known to understate local threats?","['*', 'G', 'arr', 'ick', ""'"", 's', ' eyes', ' narrow', ',', ' calculating', ' the', ' traveler', ""'"", 's', ' words', '.', ' The', ' traveler', ' is', ' speaking', ' of', ' a', ' journey', ' filled', ' with', ' danger', ',', ' and', ' Garr', 'ick', ' can', ' sense', ' the', ' traveler', ""'"", 's', ' exhaustion', ' and', ' fear', '.', ' He', ' knows', ' the', ' traveler', ' has', ' been', ' through', ' much', ',', ' and', ' he', ' knows', ' the', ' traveler', ' is', ' tired', '.', ' The', ' traveler', ""'"", 's', ' tone', ' suggests', ' they']"
Lythri 4B A2B,0.028,178.931,84,64,0.380,1066,0.028,1,"I've been cursed by a swamp hag after I accidentally disturbed her ritual circle. Now, every time I try to sleep, I suffer from horrific nightmares and wake up with strange, dark bruises on my arms. The local priest's blessings had no effect. Do you know of any skilled hedge wizards or alchemists nearby who specialize in removing dark afflictions?","['*', 'G', 'arr', 'ick', ""'"", 's', ' eyes', ' narrow', ',', ' calculating', ' the', ' traveler', ""'"", 's', ' words', '.', ' The', ' traveler', ' is', ' speaking', ' of', ' a', ' journey', ' filled', ' with', ' danger', ',', ' and', ' Garr', 'ick', ' can', ' sense', ' the', ' traveler', ""'"", 's', ' exhaustion', ' and', ' fear', '.', ' He', ' knows', ' the', ' traveler', ' has', ' been', ' through', ' much', ',', ' and', ' he', ' knows', ' the', ' traveler', ' is', ' tired', '.', ' The', ' traveler', ""'"", 's', ' tone', ' suggests', ' they']"
Lythri 4B A2B,0.029,180.535,77,64,0.378,1207,0.029,1,"We found an ancient stone tablet buried in the rubble of the fallen watchtower, covered in glowing runes that none of our scholars can decipher. Every time we bring it near a magical fire, the flames turn a bright, unnatural blue. Is there a resident mage or a learned historian in this settlement who might understand old Elven magic?","['*', 'G', 'arr', 'ick', ""'"", 's', ' eyes', ' narrow', ',', ' calculating', ' the', ' traveler', ""'"", 's', ' words', '.', ' The', ' traveler', ' is', ' speaking', ' of', ' a', ' journey', ' filled', ' with', ' danger', ',', ' and', ' Garr', 'ick', ' can', ' sense', ' the', ' traveler', ""'"", 's', ' exhaustion', ' and', ' fear', '.', ' He', ' knows', ' the', ' traveler', ' has', ' been', ' through', ' much', ',', ' and', ' he', ' knows', ' the', ' traveler', ' is', ' tired', '.', ' The', ' traveler', ""'"", 's', ' tone', ' suggests', ' they']"
Lythri 4B A2B,0.030,177.170,82,64,0.385,1353,0.030,1,"The harvest festival is approaching, but I noticed the grain silos are nearly empty and the farmers look terrified. A local boy mentioned that a massive, winged shadow was seen carrying off entire sheep in the dead of night. Are you dealing with a dragon, a manticore, or something else entirely, and why hasn't the militia done anything about it?","['*', 'G', 'arr', 'ick', ""'"", 's', ' eyes', ' narrow', ',', ' calculating', ' the', ' traveler', ""'"", 's', ' words', '.', ' The', ' traveler', ' is', ' speaking', ' of', ' a', ' journey', ' filled', ' with', ' danger', ',', ' and', ' Garr', 'ick', ' can', ' sense', ' the', ' traveler', ""'"", 's', ' exhaustion', ' and', ' fear', '.', ' He', ' knows', ' the', ' traveler', ' has', ' been', ' through', ' much', ',', ' and', ' he', ' knows', ' the', ' traveler', ' is', ' tired', '.', ' The', ' traveler', ""'"", 's', ' tone', ' suggests', ' they']"
Lythri 4B A2B,0.030,178.983,77,64,0.382,1494,0.030,1,"I am looking to charter a ship to sail across the Whispering Sea, but every captain I speak to refuses the coin, claiming the waters are currently cursed by the drowned king. I need to reach the island of Karth before the lunar eclipse. Who is the bravest or perhaps the most desperate shipmaster currently docked in the harbor?","['*', 'G', 'arr', 'ick', ""'"", 's', ' eyes', ' narrow', ',', ' calculating', ' the', ' traveler', ""'"", 's', ' words', '.', ' The', ' traveler', ' is', ' speaking', ' of', ' a', ' journey', ' filled', ' with', ' danger', ',', ' and', ' Garr', 'ick', ' can', ' sense', ' the', ' traveler', ""'"", 's', ' exhaustion', ' and', ' fear', '.', ' He', ' knows', ' the', ' traveler', ' has', ' been', ' through', ' much', ',', ' and', ' he', ' knows', ' the', ' traveler', ' is', ' tired', '.', ' The', ' traveler', ""'"", 's', ' tone', ' suggests', ' they']"
Lythri 4B A2B,0.031,178.505,79,64,0.384,1637,0.031,1,"A mysterious patron hired me to explore the crypts beneath the old cathedral, promising vast riches, but I found nothing but animated skeletons and deadly dart traps. I barely escaped. I suspect my patron intended for me to perish down there. Have you ever heard of a tall nobleman with a silver cane hiring adventurers for suicide missions in the crypts?","['*', 'G', 'arr', 'ick', ""'"", 's', ' eyes', ' narrow', ',', ' calculating', ' the', ' traveler', ""'"", 's', ' words', '.', ' The', ' traveler', ' is', ' speaking', ' of', ' a', ' journey', ' filled', ' with', ' danger', ',', ' and', ' Garr', 'ick', ' can', ' sense', ' the', ' traveler', ""'"", 's', ' exhaustion', ' and', ' fear', '.', ' He', ' knows', ' the', ' traveler', ' has', ' been', ' through', ' much', ',', ' and', ' he', ' knows', ' the', ' traveler', ' is', ' tired', '.', ' The', ' traveler', ""'"", 's', ' tone', ' suggests', ' they']"
Lythri 4B A2B,0.032,178.300,75,64,0.385,1776,0.032,1,"I wish to join the legendary fighting tournament held in the arena next week, but the registrar claims I need sponsorship from a recognized noble house or a prominent guild to even enter the qualifiers. I have no connections in this city, only my skill with a blade. How does a foreign warrior go about securing a sponsor around here?","['*', 'G', 'arr', 'ick', ""'"", 's', ' eyes', ' narrow', ',', ' calculating', ' the', ' traveler', ""'"", 's', ' words', '.', ' The', ' traveler', ' is', ' speaking', ' of', ' a', ' journey', ' filled', ' with', ' danger', ',', ' and', ' Garr', 'ick', ' can', ' sense', ' the', ' traveler', ""'"", 's', ' exhaustion', ' and', ' fear', '.', ' He', ' knows', ' the', ' traveler', ' has', ' been', ' through', ' much', ',', ' and', ' he', ' knows', ' the', ' traveler', ' is', ' tired', '.', ' The', ' traveler', ""'"", 's', ' tone', ' suggests', ' they']"
Lythri 4B A2B,0.032,177.169,80,64,0.387,1920,0.032,1,"My family's ancestral sword was taken by a corrupt tax collector who claimed it was payment for debts we never owed. I tracked his carriage to this town, but the locals are too frightened of his hired thugs to point me in the right direction. If I promise to cause no trouble in the streets, can you tell me where he is staying?","['*', 'G', 'arr', 'ick', ""'"", 's', ' eyes', ' narrow', ',', ' calculating', ' the', ' traveler', ""'"", 's', ' words', '.', ' The', ' traveler', ' is', ' speaking', ' of', ' a', ' journey', ' filled', ' with', ' danger', ',', ' and', ' Garr', 'ick', ' can', ' sense', ' the', ' traveler', ""'"", 's', ' exhaustion', ' and', ' fear', '.', ' He', ' knows', ' the', ' traveler', ' has', ' been', ' through', ' much', ',', ' and', ' he', ' knows', ' the', ' traveler', ' is', ' tired', '.', ' The', ' traveler', ""'"", 's', ' tone', ' suggests', ' they']"
Lythri 4B A2B,0.033,175.300,82,64,0.392,2066,0.033,1,"I have traveled far across the shifting sands of the eastern desert to find the fabled Oasis of Truth, where it is said a reflection in the water can reveal a person's true destiny. I have a map, but the landmarks don't match the current dunes. Are there any seasoned desert trackers or nomadic guides resting in the bazaar who could assist?","['*', 'G', 'arr', 'ick', ""'"", 's', ' eyes', ' narrow', ',', ' calculating', ' the', ' traveler', ""'"", 's', ' words', '.', ' The', ' traveler', ' is', ' speaking', ' of', ' a', ' journey', ' filled', ' with', ' danger', ',', ' and', ' Garr', 'ick', ' can', ' sense', ' the', ' traveler', ""'"", 's', ' exhaustion', ' and', ' fear', '.', ' He', ' knows', ' the', ' traveler', ' has', ' been', ' through', ' much', ',', ' and', ' he', ' knows', ' the', ' traveler', ' is', ' tired', '.', ' The', ' traveler', ""'"", 's', ' tone', ' suggests', ' they']"
Lythri 4B A2B,0.033,175.592,75,64,0.391,2205,0.033,1,"The mines have been shut down for two weeks, and the local economy is clearly suffering. A frightened miner told me they broke through a wall into a forgotten underground temple and awakened something that whispers in the dark. I specialize in dealing with subterranean horrors. Who holds the authority to grant me permission to enter the quarantined mining shafts?","['*', 'G', 'arr', 'ick', ""'"", 's', ' eyes', ' narrow', ',', ' calculating', ' the', ' traveler', ""'"", 's', ' words', '.', ' The', ' traveler', ' is', ' speaking', ' of', ' a', ' journey', ' filled', ' with', ' danger', ',', ' and', ' Garr', 'ick', ' can', ' sense', ' the', ' traveler', ""'"", 's', ' exhaustion', ' and', ' fear', '.', ' He', ' knows', ' the', ' traveler', ' has', ' been', ' through', ' much', ',', ' and', ' he', ' knows', ' the', ' traveler', ' is', ' tired', '.', ' The', ' traveler', ""'"", 's', ' tone', ' suggests', ' they']"
Lythri 4B A2B,0.033,173.544,84,64,0.396,2353,0.033,1,"I'm carrying highly volatile alchemical supplies meant for the war front, but my wagon threw a wheel on the rocky path just outside of town. If those vials sit in the midday sun for too long, they will detonate and level half this street. I need a master wainwright and a shaded warehouse immediately. Can you point me to the right people?","['*', 'G', 'arr', 'ick', ""'"", 's', ' eyes', ' narrow', ',', ' calculating', ' the', ' traveler', ""'"", 's', ' words', '.', ' The', ' traveler', ' is', ' speaking', ' of', ' a', ' journey', ' filled', ' with', ' danger', ',', ' and', ' Garr', 'ick', ' can', ' sense', ' the', ' traveler', ""'"", 's', ' exhaustion', ' and', ' fear', '.', ' He', ' knows', ' the', ' traveler', ' has', ' been', ' through', ' much', ',', ' and', ' he', ' knows', ' the', ' traveler', ' is', ' tired', '.', ' The', ' traveler', ""'"", 's', ' tone', ' suggests', ' they']"
Lythri 4B A2B,0.034,174.117,86,64,0.396,2503,0.034,1,"A bard in the previous village sang a ballad about a legendary forge hidden inside the caldera of Mount Cinder, where weapons of pure star-metal were supposedly crafted for the ancient gods. I have acquired a piece of fallen star-metal, but I need to know if the path up the mountain is passable, or if it is guarded by fire elementals as the song claims.","['*', 'G', 'arr', 'ick', ""'"", 's', ' eyes', ' narrow', ',', ' calculating', ' the', ' traveler', ""'"", 's', ' words', '.', ' The', ' traveler', ' is', ' speaking', ' of', ' a', ' journey', ' filled', ' with', ' danger', ',', ' and', ' Garr', 'ick', ' can', ' sense', ' the', ' traveler', ""'"", 's', ' exhaustion', ' and', ' fear', '.', ' He', ' knows', ' the', ' traveler', ' has', ' been', ' through', ' much', ',', ' and', ' he', ' knows', ' the', ' traveler', ' is', ' tired', '.', ' The', ' traveler', ""'"", 's', ' tone', ' suggests', ' they']"
